Point Number , Temperature ,Uncertainty
0,55.448819,0.063096707
1,55.149629,0.062755036
2,55.13203,0.062734939
3,55.167229,0.062775135
4,55.484018,0.063136904
5,55.149629,0.062755036
6,55.572015,0.063237395
7,55.202427,0.062815331
8,55.184828,0.062795233
9,55.184828,0.062795233
10,55.501617,0.063157002
11,55.202427,0.062815331
12,55.167229,0.062775135
13,55.184828,0.062795233
14,55.237626,0.062855528
15,55.554415,0.063217296
16,55.554415,0.063217296
17,55.607213,0.063277591
18,55.572015,0.063237395
19,55.554415,0.063217296
20,55.202427,0.062815331
21,55.220027,0.06283543
22,55.202427,0.062815331
23,55.624813,0.06329769
24,55.536816,0.063197199
25,55.554415,0.063217296
26,55.255226,0.062875627
27,55.237626,0.062855528
28,55.272825,0.062895724
29,55.624813,0.06329769
30,55.272825,0.062895724
31,55.290424,0.062915822
32,55.255226,0.062875627
33,55.660012,0.063337887
34,55.624813,0.06329769
35,55.642412,0.063317788
36,55.308024,0.062935921
37,55.308024,0.062935921
38,55.69521,0.063378082
39,55.589614,0.063257493
40,55.624813,0.06329769
41,55.308024,0.062935921
42,55.660012,0.063337887
43,55.290424,0.062915822
44,55.343223,0.062976118
45,55.325623,0.062956019
46,55.589614,0.063257493
47,55.325623,0.062956019
48,55.308024,0.062935921
49,55.325623,0.062956019
50,55.343223,0.062976118
51,55.71281,0.063398181
52,55.325623,0.062956019
53,55.360822,0.062996216
54,55.343223,0.062976118
55,55.360822,0.062996216
56,55.69521,0.063378082
57,55.607213,0.063277591
58,55.730409,0.063418279
59,55.343223,0.062976118
60,55.624813,0.06329769
61,55.378421,0.063016314
62,55.343223,0.062976118
63,55.853605,0.063558967
64,55.360822,0.062996216
65,55.378421,0.063016314
66,55.71281,0.063398181
67,55.343223,0.062976118
68,55.536816,0.063197199
69,55.677611,0.063357985
70,55.730409,0.063418279
71,55.378421,0.063016314
72,55.360822,0.062996216
73,55.343223,0.062976118
74,55.360822,0.062996216
75,55.378421,0.063016314
76,55.677611,0.063357985
77,55.69521,0.063378082
78,55.730409,0.063418279
79,55.730409,0.063418279
80,55.677611,0.063357985
81,55.69521,0.063378082
82,55.624813,0.06329769
83,55.360822,0.062996216
84,55.572015,0.063237395
85,55.325623,0.062956019
86,55.360822,0.062996216
87,55.69521,0.063378082
88,55.69521,0.063378082
89,55.378421,0.063016314
90,55.378421,0.063016314
91,55.360822,0.062996216
92,55.748009,0.063438378
93,55.69521,0.063378082
94,55.343223,0.062976118
95,55.677611,0.063357985
96,55.343223,0.062976118
97,55.69521,0.063378082
98,55.378421,0.063016314
99,55.677611,0.063357985
100,55.660012,0.063337887
101,55.343223,0.062976118
102,55.69521,0.063378082
103,55.660012,0.063337887
104,55.343223,0.062976118
105,55.343223,0.062976118
106,55.378421,0.063016314
107,55.660012,0.063337887
108,55.343223,0.062976118
109,55.378421,0.063016314
110,55.677611,0.063357985
111,55.378421,0.063016314
112,55.360822,0.062996216
113,55.677611,0.063357985
114,55.343223,0.062976118
115,55.290424,0.062915822
116,55.308024,0.062935921
117,55.308024,0.062935921
118,55.308024,0.062935921
119,55.308024,0.062935921
120,55.677611,0.063357985
121,55.308024,0.062935921
122,55.69521,0.063378082
123,55.642412,0.063317788
124,55.607213,0.063277591
125,55.624813,0.06329769
126,55.677611,0.063357985
127,55.308024,0.062935921
128,55.677611,0.063357985
129,55.642412,0.063317788
130,55.642412,0.063317788
131,55.272825,0.062895724
132,55.290424,0.062915822
133,55.290424,0.062915822
134,55.290424,0.062915822
135,55.624813,0.06329769
136,55.607213,0.063277591
137,55.272825,0.062895724
138,55.660012,0.063337887
139,55.255226,0.062875627
140,55.272825,0.062895724
141,55.554415,0.063217296
142,55.220027,0.06283543
143,55.325623,0.062956019
144,55.237626,0.062855528
145,55.572015,0.063237395
146,55.220027,0.06283543
147,55.220027,0.06283543
148,55.572015,0.063237395
149,55.220027,0.06283543
150,55.202427,0.062815331
151,55.202427,0.062815331
152,55.519216,0.0631771
153,55.184828,0.062795233
154,55.184828,0.062795233
155,55.484018,0.063136904
156,55.149629,0.062755036
157,55.13203,0.062734939
158,55.484018,0.063136904
159,55.167229,0.062775135
160,55.13203,0.062734939
161,55.519216,0.0631771
162,55.448819,0.063096707
163,55.114431,0.062714841
164,55.501617,0.063157002
165,55.114431,0.062714841
166,55.096831,0.062694742
167,55.096831,0.062694742
168,55.41362,0.06305651
169,55.13203,0.062734939
170,55.41362,0.06305651
171,55.114431,0.062714841
172,55.079232,0.062674644
173,55.43122,0.063076609
174,55.061632,0.062654545
175,55.026434,0.062614349
176,55.044033,0.062634447
177,55.044033,0.062634447
178,55.343223,0.062976118
179,55.325623,0.062956019
180,55.008834,0.06259425
181,54.991235,0.062574153
182,55.378421,0.063016314
183,55.026434,0.062614349
184,55.360822,0.062996216
185,54.956036,0.062533956
186,54.991235,0.062574153
187,54.973635,0.062554054
188,55.308024,0.062935921
189,54.956036,0.062533956
190,55.290424,0.062915822
191,55.255226,0.062875627
192,55.290424,0.062915822
193,55.325623,0.062956019
194,55.308024,0.062935921
195,55.308024,0.062935921
196,55.220027,0.06283543
197,54.903238,0.062473661
198,55.202427,0.062815331
199,54.868039,0.062433465
200,54.85044,0.062413367
201,54.885638,0.062453562
202,55.220027,0.06283543
203,54.85044,0.062413367
204,54.83284,0.062393268
205,54.85044,0.062413367
206,55.184828,0.062795233
207,55.184828,0.062795233
208,55.149629,0.062755036
209,54.797642,0.062353072
210,55.290424,0.062915822
211,54.780042,0.062332973
212,55.167229,0.062775135
213,54.780042,0.062332973
214,55.149629,0.062755036
215,55.061632,0.062654545
216,54.762443,0.062312875
217,54.744843,0.062292776
218,54.727244,0.062272679
219,55.061632,0.062654545
220,54.991235,0.062574153
221,54.674446,0.062212384
222,55.026434,0.062614349
223,54.674446,0.062212384
224,54.903238,0.062473661
225,54.674446,0.062212384
226,54.656846,0.062192285
227,54.656846,0.062192285
228,55.026434,0.062614349
229,55.008834,0.06259425
230,54.973635,0.062554054
231,54.604048,0.062131991
232,55.008834,0.06259425
233,54.920837,0.062493759
234,54.868039,0.062433465
235,54.56885,0.062091795
236,54.903238,0.062473661
237,54.885638,0.062453562
238,54.586449,0.062111893
239,54.868039,0.062433465
240,54.55125,0.062071696
241,54.55125,0.062071696
242,54.533651,0.062051598
243,54.692045,0.062232482
244,54.815241,0.06237317
245,54.498452,0.062011402
246,54.885638,0.062453562
247,54.762443,0.062312875
248,54.480853,0.061991304
249,55.008834,0.06259425
250,54.744843,0.062292776
251,54.762443,0.062312875
252,54.762443,0.062312875
253,54.744843,0.062292776
254,54.410455,0.06191091
255,54.797642,0.062353072
256,54.727244,0.062272679
257,54.357657,0.061850616
258,54.692045,0.062232482
259,54.762443,0.062312875
260,54.692045,0.062232482
261,54.375256,0.061870714
262,54.340057,0.061830517
263,54.357657,0.061850616
264,54.357657,0.061850616
265,54.445654,0.061951107
266,54.322458,0.061810419
267,54.287259,0.061770222
268,54.287259,0.061770222
269,54.304859,0.061790321
270,54.287259,0.061770222
271,54.55125,0.062071696
272,54.252061,0.061730027
273,54.674446,0.062212384
274,54.234461,0.061709928
275,54.621648,0.06215209
276,54.216862,0.06168983
277,54.516051,0.062031499
278,54.216862,0.06168983
279,54.199262,0.061669731
280,54.181663,0.061649633
281,54.516051,0.062031499
282,54.322458,0.061810419
283,54.146464,0.061609436
284,54.146464,0.061609436
285,54.146464,0.061609436
286,54.322458,0.061810419
287,54.463253,0.061971205
288,54.093666,0.061549142
289,54.410455,0.06191091
290,54.463253,0.061971205
291,54.111265,0.06156924
292,54.445654,0.061951107
293,54.357657,0.061850616
294,54.093666,0.061549142
295,54.040868,0.061488847
296,54.410455,0.06191091
297,54.392856,0.061890812
298,54.040868,0.061488847
299,54.005669,0.061448651
300,54.392856,0.061890812
301,54.340057,0.061830517
302,54.392856,0.061890812
303,54.322458,0.061810419
304,54.357657,0.061850616
305,54.005669,0.061448651
306,54.357657,0.061850616
307,53.952871,0.061388356
308,54.340057,0.061830517
309,53.97047,0.061408454
310,53.952871,0.061388356
311,54.26966,0.061750124
312,53.917672,0.061348159
313,53.900073,0.061328062
314,53.900073,0.061328062
315,54.199262,0.061669731
316,53.882473,0.061307963
317,54.216862,0.06168983
318,53.882473,0.061307963
319,53.882473,0.061307963
320,54.146464,0.061609436
321,53.847275,0.061267767
322,54.216862,0.06168983
323,53.847275,0.061267767
324,53.847275,0.061267767
325,54.216862,0.06168983
326,53.847275,0.061267767
327,53.829675,0.061247668
328,54.181663,0.061649633
329,54.093666,0.061549142
330,53.794477,0.061207473
331,53.794477,0.061207473
332,54.164064,0.061629535
333,53.776877,0.061187374
334,54.164064,0.061629535
335,54.164064,0.061629535
336,53.724079,0.061127079
337,54.058467,0.061508945
338,54.093666,0.061549142
339,53.70648,0.061106981
340,53.741678,0.061147177
341,53.741678,0.061147177
342,54.040868,0.061488847
343,53.724079,0.061127079
344,54.040868,0.061488847
345,54.058467,0.061508945
346,53.724079,0.061127079
347,53.671281,0.061066785
348,53.671281,0.061066785
349,53.653681,0.061046686
350,53.653681,0.061046686
351,53.671281,0.061066785
352,53.671281,0.061066785
353,53.68888,0.061086883
354,53.671281,0.061066785
355,53.653681,0.061046686
356,54.058467,0.061508945
357,53.636082,0.061026588
358,53.636082,0.061026588
359,54.040868,0.061488847
360,53.636082,0.061026588
361,53.565685,0.060946196
362,53.583284,0.060966294
363,53.759278,0.061167276
364,53.600883,0.060986391
365,53.935272,0.061368258
366,53.952871,0.061388356
367,53.935272,0.061368258
368,53.600883,0.060986391
369,53.952871,0.061388356
370,53.600883,0.060986391
371,53.565685,0.060946196
372,53.759278,0.061167276
373,53.935272,0.061368258
374,53.97047,0.061408454
375,53.935272,0.061368258
376,53.583284,0.060966294
377,53.935272,0.061368258
378,53.935272,0.061368258
379,53.864874,0.061287865
380,53.935272,0.061368258
381,53.847275,0.061267767
382,53.864874,0.061287865
383,53.847275,0.061267767
384,54.093666,0.061549142
385,53.548085,0.060926097
386,53.900073,0.061328062
387,53.530486,0.060905999
388,53.917672,0.061348159
389,53.512886,0.0608859
390,53.530486,0.060905999
391,53.68888,0.061086883
392,53.530486,0.060905999
393,53.829675,0.061247668
394,53.495287,0.060865802
395,53.864874,0.061287865
396,53.495287,0.060865802
397,53.495287,0.060865802
398,53.512886,0.0608859
399,53.847275,0.061267767
400,53.530486,0.060905999
401,53.495287,0.060865802
402,53.530486,0.060905999
403,53.495287,0.060865802
404,53.794477,0.061207473
405,53.319293,0.06066482
406,53.512886,0.0608859
407,53.512886,0.0608859
408,53.477688,0.060845705
409,53.847275,0.061267767
410,53.864874,0.061287865
411,53.512886,0.0608859
412,53.512886,0.0608859
413,53.495287,0.060865802
414,53.495287,0.060865802
415,53.68888,0.061086883
416,53.477688,0.060845705
417,53.882473,0.061307963
418,53.812076,0.06122757
419,53.882473,0.061307963
420,53.477688,0.060845705
421,53.776877,0.061187374
422,53.847275,0.061267767
423,53.829675,0.061247668
424,53.512886,0.0608859
425,53.460088,0.060825606
426,53.477688,0.060845705
427,53.847275,0.061267767
428,53.512886,0.0608859
429,53.794477,0.061207473
430,53.495287,0.060865802
431,53.495287,0.060865802
432,53.495287,0.060865802
433,53.864874,0.061287865
434,53.653681,0.061046686
435,53.847275,0.061267767
436,53.548085,0.060926097
437,53.864874,0.061287865
438,53.653681,0.061046686
439,53.512886,0.0608859
440,53.512886,0.0608859
441,53.477688,0.060845705
442,53.477688,0.060845705
443,53.460088,0.060825606
444,53.495287,0.060865802
445,53.530486,0.060905999
446,53.548085,0.060926097
447,53.512886,0.0608859
448,53.495287,0.060865802
449,53.847275,0.061267767
450,53.864874,0.061287865
451,53.530486,0.060905999
452,53.530486,0.060905999
453,53.759278,0.061167276
454,53.847275,0.061267767
455,53.548085,0.060926097
456,53.794477,0.061207473
457,53.565685,0.060946196
458,53.935272,0.061368258
459,53.864874,0.061287865
460,53.900073,0.061328062
461,53.583284,0.060966294
462,53.900073,0.061328062
463,53.882473,0.061307963
464,53.565685,0.060946196
465,53.952871,0.061388356
466,53.565685,0.060946196
467,53.618483,0.06100649
468,53.864874,0.061287865
469,53.565685,0.060946196
470,53.618483,0.06100649
471,53.583284,0.060966294
472,53.600883,0.060986391
473,53.935272,0.061368258
474,53.97047,0.061408454
475,53.600883,0.060986391
476,53.98807,0.061428553
477,53.636082,0.061026588
478,53.636082,0.061026588
479,54.005669,0.061448651
480,53.952871,0.061388356
481,53.653681,0.061046686
482,53.653681,0.061046686
483,54.216862,0.06168983
484,54.023269,0.06146875
485,53.97047,0.061408454
486,54.005669,0.061448651
487,54.005669,0.061448651
488,54.023269,0.06146875
489,53.68888,0.061086883
490,53.724079,0.061127079
491,53.70648,0.061106981
492,53.653681,0.061046686
493,54.076067,0.061529044
494,53.70648,0.061106981
495,54.093666,0.061549142
496,53.724079,0.061127079
497,53.741678,0.061147177
498,54.023269,0.06146875
499,54.023269,0.06146875
500,54.040868,0.061488847
501,54.146464,0.061609436
502,54.076067,0.061529044
503,53.759278,0.061167276
504,54.181663,0.061649633
505,54.111265,0.06156924
506,53.794477,0.061207473
507,54.076067,0.061529044
508,54.128865,0.061589339
509,54.023269,0.06146875
510,53.829675,0.061247668
511,54.199262,0.061669731
512,53.864874,0.061287865
513,54.216862,0.06168983
514,54.234461,0.061709928
515,53.829675,0.061247668
516,53.864874,0.061287865
517,54.093666,0.061549142
518,53.864874,0.061287865
519,54.199262,0.061669731
520,54.199262,0.061669731
521,54.023269,0.06146875
522,53.900073,0.061328062
523,54.181663,0.061649633
524,53.917672,0.061348159
525,53.900073,0.061328062
526,54.26966,0.061750124
527,53.935272,0.061368258
528,54.287259,0.061770222
529,54.252061,0.061730027
530,53.97047,0.061408454
531,54.234461,0.061709928
532,53.98807,0.061428553
533,53.952871,0.061388356
534,53.98807,0.061428553
535,53.97047,0.061408454
536,54.005669,0.061448651
537,54.023269,0.06146875
538,54.005669,0.061448651
539,54.058467,0.061508945
540,54.040868,0.061488847
541,54.428054,0.061931008
542,54.076067,0.061529044
543,54.428054,0.061931008
544,54.058467,0.061508945
545,54.040868,0.061488847
546,54.480853,0.061991304
547,54.076067,0.061529044
548,54.498452,0.062011402
549,54.128865,0.061589339
550,54.586449,0.062111893
551,54.445654,0.061951107
552,54.128865,0.061589339
553,54.146464,0.061609436
554,54.164064,0.061629535
555,54.463253,0.061971205
556,54.181663,0.061649633
557,54.164064,0.061629535
558,54.199262,0.061669731
559,54.164064,0.061629535
560,54.55125,0.062071696
561,54.55125,0.062071696
562,54.55125,0.062071696
563,54.656846,0.062192285
564,54.586449,0.062111893
565,54.252061,0.061730027
566,54.604048,0.062131991
567,54.26966,0.061750124
568,54.287259,0.061770222
569,54.26966,0.061750124
570,54.304859,0.061790321
571,54.56885,0.062091795
572,54.621648,0.06215209
573,54.304859,0.061790321
574,54.340057,0.061830517
575,54.340057,0.061830517
576,54.656846,0.062192285
577,54.727244,0.062272679
578,54.340057,0.061830517
579,54.357657,0.061850616
580,54.410455,0.06191091
581,54.410455,0.06191091
582,54.410455,0.06191091
583,54.375256,0.061870714
584,54.410455,0.06191091
585,54.727244,0.062272679
586,54.727244,0.062272679
587,54.428054,0.061931008
588,54.445654,0.061951107
589,54.463253,0.061971205
590,54.428054,0.061931008
591,54.674446,0.062212384
592,54.428054,0.061931008
593,54.744843,0.062292776
594,54.498452,0.062011402
595,54.516051,0.062031499
596,54.498452,0.062011402
597,54.516051,0.062031499
598,54.533651,0.062051598
599,55.044033,0.062634447
600,54.85044,0.062413367
601,55.044033,0.062634447
602,54.991235,0.062574153
603,54.692045,0.062232482
604,54.56885,0.062091795
605,54.956036,0.062533956
606,54.604048,0.062131991
607,54.586449,0.062111893
608,54.604048,0.062131991
609,54.604048,0.062131991
610,54.621648,0.06215209
611,54.956036,0.062533956
612,55.008834,0.06259425
613,54.656846,0.062192285
614,55.008834,0.06259425
615,54.674446,0.062212384
616,54.656846,0.062192285
617,54.656846,0.062192285
618,55.044033,0.062634447
619,54.991235,0.062574153
620,54.674446,0.062212384
621,54.692045,0.062232482
622,55.044033,0.062634447
623,54.709645,0.062252581
624,55.026434,0.062614349
625,54.709645,0.062252581
626,54.744843,0.062292776
627,55.13203,0.062734939
628,54.762443,0.062312875
629,55.096831,0.062694742
630,55.13203,0.062734939
631,54.762443,0.062312875
632,55.184828,0.062795233
633,54.780042,0.062332973
634,54.797642,0.062353072
635,54.815241,0.06237317
636,55.079232,0.062674644
637,54.815241,0.06237317
638,54.815241,0.06237317
639,54.815241,0.06237317
640,55.220027,0.06283543
641,55.220027,0.06283543
642,54.83284,0.062393268
643,55.167229,0.062775135
644,55.184828,0.062795233
645,55.184828,0.062795233
646,55.202427,0.062815331
647,55.237626,0.062855528
648,55.202427,0.062815331
649,54.885638,0.062453562
650,55.290424,0.062915822
651,55.272825,0.062895724
652,55.044033,0.062634447
653,55.202427,0.062815331
654,55.308024,0.062935921
655,54.920837,0.062493759
656,55.272825,0.062895724
657,55.255226,0.062875627
658,55.308024,0.062935921
659,55.184828,0.062795233
660,55.096831,0.062694742
661,54.956036,0.062533956
662,55.13203,0.062734939
663,55.343223,0.062976118
664,54.991235,0.062574153
665,54.973635,0.062554054
666,54.991235,0.062574153
667,55.360822,0.062996216
668,55.008834,0.06259425
669,55.378421,0.063016314
670,54.991235,0.062574153
671,55.026434,0.062614349
672,55.008834,0.06259425
673,55.378421,0.063016314
674,55.41362,0.06305651
675,55.325623,0.062956019
676,55.378421,0.063016314
677,55.378421,0.063016314
678,55.448819,0.063096707
679,55.044033,0.062634447
680,55.079232,0.062674644
681,55.325623,0.062956019
682,55.448819,0.063096707
683,55.096831,0.062694742
684,55.061632,0.062654545
685,55.114431,0.062714841
686,55.079232,0.062674644
687,55.642412,0.063317788
688,55.096831,0.062694742
689,55.096831,0.062694742
690,55.114431,0.062714841
691,55.448819,0.063096707
692,55.466418,0.063116805
693,55.484018,0.063136904
694,55.096831,0.062694742
695,55.519216,0.0631771
696,55.13203,0.062734939
697,55.13203,0.062734939
698,55.114431,0.062714841
699,55.448819,0.063096707
700,55.41362,0.06305651
701,55.378421,0.063016314
702,55.448819,0.063096707
703,55.13203,0.062734939
704,55.501617,0.063157002
705,55.167229,0.062775135
706,55.484018,0.063136904
707,55.466418,0.063116805
708,55.167229,0.062775135
709,55.448819,0.063096707
710,55.149629,0.062755036
711,55.149629,0.062755036
712,55.167229,0.062775135
713,55.096831,0.062694742
714,55.167229,0.062775135
715,55.167229,0.062775135
716,55.167229,0.062775135
717,55.536816,0.063197199
718,55.484018,0.063136904
719,55.184828,0.062795233
720,55.536816,0.063197199
721,55.202427,0.062815331
722,55.167229,0.062775135
723,55.184828,0.062795233
724,55.184828,0.062795233
725,55.184828,0.062795233
726,55.167229,0.062775135
727,55.484018,0.063136904
728,55.167229,0.062775135
729,55.536816,0.063197199
730,55.484018,0.063136904
731,55.519216,0.0631771
732,55.167229,0.062775135
733,55.202427,0.062815331
734,55.184828,0.062795233
735,55.202427,0.062815331
736,55.184828,0.062795233
737,55.167229,0.062775135
738,55.184828,0.062795233
739,55.572015,0.063237395
740,55.501617,0.063157002
741,55.572015,0.063237395
742,55.519216,0.0631771
743,55.396021,0.063036413
744,55.519216,0.0631771
745,55.167229,0.062775135
746,55.466418,0.063116805
747,55.149629,0.062755036
748,55.536816,0.063197199
749,55.501617,0.063157002
750,55.184828,0.062795233
751,55.519216,0.0631771
752,55.184828,0.062795233
753,55.466418,0.063116805
754,55.519216,0.0631771
755,55.149629,0.062755036
756,55.184828,0.062795233
757,55.448819,0.063096707
758,55.184828,0.062795233
759,55.466418,0.063116805
760,55.149629,0.062755036
761,55.149629,0.062755036
762,55.13203,0.062734939
763,55.536816,0.063197199
764,55.554415,0.063217296
765,55.167229,0.062775135
766,55.519216,0.0631771
767,55.13203,0.062734939
768,55.448819,0.063096707
769,55.096831,0.062694742
770,55.149629,0.062755036
771,55.448819,0.063096707
772,55.114431,0.062714841
773,55.114431,0.062714841
774,55.519216,0.0631771
775,55.466418,0.063116805
776,55.448819,0.063096707
777,55.114431,0.062714841
778,55.448819,0.063096707
779,55.114431,0.062714841
780,55.448819,0.063096707
781,55.061632,0.062654545
782,55.43122,0.063076609
783,55.114431,0.062714841
784,55.096831,0.062694742
785,55.114431,0.062714841
786,55.43122,0.063076609
787,55.079232,0.062674644
788,55.484018,0.063136904
789,55.396021,0.063036413
790,55.308024,0.062935921
791,55.396021,0.063036413
792,55.396021,0.063036413
793,55.43122,0.063076609
794,55.061632,0.062654545
795,55.41362,0.06305651
796,55.378421,0.063016314
797,55.061632,0.062654545
798,55.114431,0.062714841
799,55.360822,0.062996216
800,55.360822,0.062996216
801,55.026434,0.062614349
802,55.026434,0.062614349
803,55.396021,0.063036413
804,55.008834,0.06259425
805,55.325623,0.062956019
806,55.008834,0.06259425
807,54.991235,0.062574153
808,54.973635,0.062554054
809,55.308024,0.062935921
810,54.973635,0.062554054
811,54.973635,0.062554054
812,55.272825,0.062895724
813,54.956036,0.062533956
814,55.308024,0.062935921
815,54.956036,0.062533956
816,54.973635,0.062554054
817,54.938437,0.062513858
818,54.920837,0.062493759
819,55.308024,0.062935921
820,54.938437,0.062513858
821,54.938437,0.062513858
822,55.308024,0.062935921
823,54.885638,0.062453562
824,54.885638,0.062453562
825,55.220027,0.06283543
826,55.290424,0.062915822
827,54.885638,0.062453562
828,54.885638,0.062453562
829,55.202427,0.062815331
830,55.308024,0.062935921
831,54.885638,0.062453562
832,54.868039,0.062433465
833,55.202427,0.062815331
834,54.85044,0.062413367
835,55.237626,0.062855528
836,55.184828,0.062795233
837,54.815241,0.06237317
838,54.83284,0.062393268
839,55.114431,0.062714841
840,54.83284,0.062393268
841,54.797642,0.062353072
842,55.114431,0.062714841
843,54.83284,0.062393268
844,54.83284,0.062393268
845,54.780042,0.062332973
846,54.797642,0.062353072
847,55.096831,0.062694742
848,54.762443,0.062312875
849,55.096831,0.062694742
850,54.780042,0.062332973
851,54.762443,0.062312875
852,54.727244,0.062272679
853,54.744843,0.062292776
854,55.026434,0.062614349
855,54.744843,0.062292776
856,55.096831,0.062694742
857,55.096831,0.062694742
858,54.727244,0.062272679
859,55.044033,0.062634447
860,54.692045,0.062232482
861,55.044033,0.062634447
862,54.991235,0.062574153
863,54.692045,0.062232482
864,54.656846,0.062192285
865,55.026434,0.062614349
866,54.692045,0.062232482
867,54.656846,0.062192285
868,55.008834,0.06259425
869,55.026434,0.062614349
870,55.026434,0.062614349
871,54.868039,0.062433465
872,54.621648,0.06215209
873,54.621648,0.06215209
874,54.762443,0.062312875
875,54.956036,0.062533956
876,54.621648,0.06215209
877,54.973635,0.062554054
878,54.920837,0.062493759
879,54.920837,0.062493759
880,54.586449,0.062111893
881,54.56885,0.062091795
882,54.56885,0.062091795
883,54.938437,0.062513858
884,54.55125,0.062071696
885,54.868039,0.062433465
886,54.516051,0.062031499
887,54.533651,0.062051598
888,54.516051,0.062031499
889,54.533651,0.062051598
890,54.516051,0.062031499
891,54.498452,0.062011402
892,54.533651,0.062051598
893,54.885638,0.062453562
894,54.83284,0.062393268
895,54.797642,0.062353072
896,54.920837,0.062493759
897,54.498452,0.062011402
898,54.83284,0.062393268
899,54.463253,0.061971205
900,54.445654,0.061951107
901,54.744843,0.062292776
902,54.445654,0.061951107
903,54.445654,0.061951107
904,54.428054,0.061931008
905,54.445654,0.061951107
906,54.744843,0.062292776
907,54.445654,0.061951107
908,54.445654,0.061951107
909,54.692045,0.062232482
910,54.780042,0.062332973
911,54.445654,0.061951107
912,54.392856,0.061890812
913,54.674446,0.062212384
914,54.83284,0.062393268
915,54.692045,0.062232482
916,54.392856,0.061890812
917,54.727244,0.062272679
918,54.357657,0.061850616
919,54.639247,0.062172187
920,54.375256,0.061870714
921,54.357657,0.061850616
922,54.340057,0.061830517
923,54.357657,0.061850616
924,54.692045,0.062232482
925,54.709645,0.062252581
926,54.604048,0.062131991
927,54.709645,0.062252581
928,54.709645,0.062252581
929,54.304859,0.061790321
930,54.83284,0.062393268
931,54.304859,0.061790321
932,54.639247,0.062172187
933,54.287259,0.061770222
934,54.674446,0.062212384
935,54.26966,0.061750124
936,54.304859,0.061790321
937,54.287259,0.061770222
938,54.304859,0.061790321
939,54.674446,0.062212384
940,54.234461,0.061709928
941,54.252061,0.061730027
942,54.287259,0.061770222
943,54.604048,0.062131991
944,54.252061,0.061730027
945,54.26966,0.061750124
946,54.252061,0.061730027
947,54.621648,0.06215209
948,54.234461,0.061709928
949,54.216862,0.06168983
950,54.480853,0.061991304
951,54.621648,0.06215209
952,54.234461,0.061709928
953,54.181663,0.061649633
954,54.234461,0.061709928
955,54.744843,0.062292776
956,54.692045,0.062232482
957,54.480853,0.061991304
958,54.56885,0.062091795
959,54.199262,0.061669731
960,54.674446,0.062212384
961,54.586449,0.062111893
962,54.463253,0.061971205
963,54.55125,0.062071696
964,54.216862,0.06168983
965,54.181663,0.061649633
966,54.146464,0.061609436
967,54.480853,0.061991304
968,54.164064,0.061629535
969,54.55125,0.062071696
970,54.181663,0.061649633
971,54.304859,0.061790321
972,54.516051,0.062031499
973,54.480853,0.061991304
974,54.181663,0.061649633
975,54.146464,0.061609436
976,54.181663,0.061649633
977,54.392856,0.061890812
978,54.445654,0.061951107
979,54.164064,0.061629535
980,54.516051,0.062031499
981,54.516051,0.062031499
982,54.111265,0.06156924
983,54.146464,0.061609436
984,54.26966,0.061750124
985,54.146464,0.061609436
986,54.516051,0.062031499
987,54.480853,0.061991304
988,54.463253,0.061971205
989,54.428054,0.061931008
990,54.674446,0.062212384
991,54.128865,0.061589339
992,54.428054,0.061931008
993,54.428054,0.061931008
994,54.480853,0.061991304
995,54.128865,0.061589339
996,54.111265,0.06156924
997,54.498452,0.062011402
998,54.076067,0.061529044
999,54.146464,0.061609436
1000,54.55125,0.062071696
1001,54.516051,0.062031499
1002,54.128865,0.061589339
1003,54.498452,0.062011402
1004,54.428054,0.061931008
1005,54.128865,0.061589339
1006,54.111265,0.06156924
1007,54.164064,0.061629535
1008,54.428054,0.061931008
1009,54.463253,0.061971205
1010,54.128865,0.061589339
1011,54.128865,0.061589339
1012,54.480853,0.061991304
1013,54.480853,0.061991304
1014,54.392856,0.061890812
1015,54.146464,0.061609436
1016,54.445654,0.061951107
1017,54.128865,0.061589339
1018,54.093666,0.061549142
1019,54.146464,0.061609436
1020,54.146464,0.061609436
1021,54.146464,0.061609436
1022,54.480853,0.061991304
1023,54.146464,0.061609436
1024,54.146464,0.061609436
1025,54.586449,0.062111893
1026,54.146464,0.061609436
1027,54.146464,0.061609436
1028,54.146464,0.061609436
1029,54.445654,0.061951107
1030,54.463253,0.061971205
1031,54.164064,0.061629535
1032,54.181663,0.061649633
1033,54.375256,0.061870714
1034,54.516051,0.062031499
1035,54.533651,0.062051598
1036,54.164064,0.061629535
1037,54.516051,0.062031499
1038,54.516051,0.062031499
1039,54.533651,0.062051598
1040,54.181663,0.061649633
1041,54.674446,0.062212384
1042,54.199262,0.061669731
1043,54.199262,0.061669731
1044,54.199262,0.061669731
1045,54.181663,0.061649633
1046,54.164064,0.061629535
1047,54.56885,0.062091795
1048,54.199262,0.061669731
1049,54.216862,0.06168983
1050,54.516051,0.062031499
1051,54.216862,0.06168983
1052,54.621648,0.06215209
1053,54.234461,0.061709928
1054,54.604048,0.062131991
1055,54.234461,0.061709928
1056,54.234461,0.061709928
1057,54.252061,0.061730027
1058,54.56885,0.062091795
1059,54.252061,0.061730027
1060,54.586449,0.062111893
1061,54.234461,0.061709928
1062,54.234461,0.061709928
1063,54.287259,0.061770222
1064,54.26966,0.061750124
1065,54.252061,0.061730027
1066,54.639247,0.062172187
1067,54.304859,0.061790321
1068,54.287259,0.061770222
1069,54.304859,0.061790321
1070,54.304859,0.061790321
1071,54.621648,0.06215209
1072,54.287259,0.061770222
1073,54.322458,0.061810419
1074,54.322458,0.061810419
1075,54.692045,0.062232482
1076,54.322458,0.061810419
1077,54.744843,0.062292776
1078,54.322458,0.061810419
1079,54.639247,0.062172187
1080,54.83284,0.062393268
1081,54.709645,0.062252581
1082,54.340057,0.061830517
1083,54.780042,0.062332973
1084,54.709645,0.062252581
1085,54.656846,0.062192285
1086,54.392856,0.061890812
1087,54.392856,0.061890812
1088,54.375256,0.061870714
1089,54.780042,0.062332973
1090,54.780042,0.062332973
1091,54.428054,0.061931008
1092,54.797642,0.062353072
1093,54.410455,0.06191091
1094,54.780042,0.062332973
1095,54.428054,0.061931008
1096,54.428054,0.061931008
1097,54.445654,0.061951107
1098,54.83284,0.062393268
1099,54.83284,0.062393268
1100,54.463253,0.061971205
1101,54.445654,0.061951107
1102,54.780042,0.062332973
1103,54.480853,0.061991304
1104,54.762443,0.062312875
1105,54.639247,0.062172187
1106,54.533651,0.062051598
1107,54.83284,0.062393268
1108,54.85044,0.062413367
1109,54.533651,0.062051598
1110,54.85044,0.062413367
1111,54.762443,0.062312875
1112,54.533651,0.062051598
1113,54.709645,0.062252581
1114,54.55125,0.062071696
1115,54.938437,0.062513858
1116,54.55125,0.062071696
1117,54.604048,0.062131991
1118,54.586449,0.062111893
1119,54.920837,0.062493759
1120,54.586449,0.062111893
1121,54.956036,0.062533956
1122,55.008834,0.06259425
1123,54.604048,0.062131991
1124,54.956036,0.062533956
1125,54.991235,0.062574153
1126,55.008834,0.06259425
1127,54.956036,0.062533956
1128,54.639247,0.062172187
1129,55.008834,0.06259425
1130,55.061632,0.062654545
1131,55.061632,0.062654545
1132,55.061632,0.062654545
1133,54.692045,0.062232482
1134,55.026434,0.062614349
1135,54.991235,0.062574153
1136,55.096831,0.062694742
1137,55.079232,0.062674644
1138,55.096831,0.062694742
1139,55.13203,0.062734939
1140,54.762443,0.062312875
1141,55.061632,0.062654545
1142,54.744843,0.062292776
1143,54.762443,0.062312875
1144,54.780042,0.062332973
1145,54.780042,0.062332973
1146,54.744843,0.062292776
1147,54.797642,0.062353072
1148,55.167229,0.062775135
1149,55.202427,0.062815331
1150,54.780042,0.062332973
1151,54.83284,0.062393268
1152,55.167229,0.062775135
1153,54.762443,0.062312875
1154,55.167229,0.062775135
1155,54.85044,0.062413367
1156,54.83284,0.062393268
1157,54.868039,0.062433465
1158,54.868039,0.062433465
1159,55.079232,0.062674644
1160,54.885638,0.062453562
1161,55.255226,0.062875627
1162,55.220027,0.06283543
1163,55.290424,0.062915822
1164,55.255226,0.062875627
1165,55.272825,0.062895724
1166,55.044033,0.062634447
1167,54.938437,0.062513858
1168,55.237626,0.062855528
1169,55.308024,0.062935921
1170,55.272825,0.062895724
1171,55.308024,0.062935921
1172,54.991235,0.062574153
1173,54.973635,0.062554054
1174,54.991235,0.062574153
1175,55.290424,0.062915822
1176,54.973635,0.062554054
1177,55.008834,0.06259425
1178,55.026434,0.062614349
1179,55.044033,0.062634447
1180,55.044033,0.062634447
1181,55.096831,0.062694742
1182,55.061632,0.062654545
1183,55.41362,0.06305651
1184,55.448819,0.063096707
1185,55.41362,0.06305651
1186,55.096831,0.062694742
1187,55.079232,0.062674644
1188,55.079232,0.062674644
1189,55.41362,0.06305651
1190,55.114431,0.062714841
1191,55.096831,0.062694742
1192,55.096831,0.062694742
1193,55.13203,0.062734939
1194,55.114431,0.062714841
1195,55.13203,0.062734939
1196,55.13203,0.062734939
1197,55.149629,0.062755036
1198,55.149629,0.062755036
1199,55.466418,0.063116805
1200,55.184828,0.062795233
1201,55.484018,0.063136904
1202,55.501617,0.063157002
1203,55.167229,0.062775135
1204,55.167229,0.062775135
1205,55.484018,0.063136904
1206,55.642412,0.063317788
1207,55.202427,0.062815331
1208,55.13203,0.062734939
1209,55.642412,0.063317788
1210,55.554415,0.063217296
1211,55.202427,0.062815331
1212,55.237626,0.062855528
1213,55.624813,0.06329769
1214,55.572015,0.063237395
1215,55.589614,0.063257493
1216,55.272825,0.062895724
1217,55.272825,0.062895724
1218,55.255226,0.062875627
1219,55.255226,0.062875627
1220,55.237626,0.062855528
1221,55.624813,0.06329769
1222,55.466418,0.063116805
1223,55.290424,0.062915822
1224,55.660012,0.063337887
1225,55.607213,0.063277591
1226,55.589614,0.063257493
1227,55.660012,0.063337887
1228,55.589614,0.063257493
1229,55.325623,0.062956019
1230,55.308024,0.062935921
1231,55.660012,0.063337887
1232,55.325623,0.062956019
1233,55.325623,0.062956019
1234,55.660012,0.063337887
1235,55.343223,0.062976118
1236,55.783207,0.063478574
1237,55.360822,0.062996216
1238,55.730409,0.063418279
1239,55.325623,0.062956019
1240,55.378421,0.063016314
1241,55.396021,0.063036413
1242,55.360822,0.062996216
1243,55.360822,0.062996216
1244,55.748009,0.063438378
1245,55.378421,0.063016314
1246,55.677611,0.063357985
1247,55.378421,0.063016314
1248,55.360822,0.062996216
1249,55.783207,0.063478574
1250,55.748009,0.063438378
1251,55.41362,0.06305651
1252,55.888804,0.063599164
1253,55.378421,0.063016314
1254,55.660012,0.063337887
1255,55.959201,0.063679557
1256,55.748009,0.063438378
1257,55.765608,0.063458476
1258,55.765608,0.063458476
1259,55.43122,0.063076609
1260,55.765608,0.063458476
1261,55.730409,0.063418279
1262,55.41362,0.06305651
1263,55.43122,0.063076609
1264,55.43122,0.063076609
1265,55.871204,0.063579065
1266,55.71281,0.063398181
1267,55.836005,0.063538868
1268,55.43122,0.063076609
1269,55.818406,0.063518771
1270,55.43122,0.063076609
1271,55.43122,0.063076609
1272,55.448819,0.063096707
1273,55.448819,0.063096707
1274,55.730409,0.063418279
1275,55.660012,0.063337887
1276,55.43122,0.063076609
1277,55.448819,0.063096707
1278,55.959201,0.063679557
1279,55.836005,0.063538868
1280,55.43122,0.063076609
1281,55.448819,0.063096707
1282,55.818406,0.063518771
1283,55.748009,0.063438378
1284,55.43122,0.063076609
1285,55.466418,0.063116805
1286,55.71281,0.063398181
1287,55.484018,0.063136904
1288,55.783207,0.063478574
1289,55.783207,0.063478574
1290,55.748009,0.063438378
1291,55.378421,0.063016314
1292,55.466418,0.063116805
1293,55.853605,0.063558967
1294,55.41362,0.06305651
1295,55.43122,0.063076609
1296,55.924002,0.06363936
1297,55.43122,0.063076609
1298,55.71281,0.063398181
1299,55.836005,0.063538868
1300,55.800807,0.063498673
1301,55.818406,0.063518771
1302,55.466418,0.063116805
1303,55.448819,0.063096707
1304,55.783207,0.063478574
1305,55.448819,0.063096707
1306,55.501617,0.063157002
1307,55.466418,0.063116805
1308,55.765608,0.063458476
1309,55.43122,0.063076609
1310,55.466418,0.063116805
1311,55.41362,0.06305651
1312,55.466418,0.063116805
1313,55.730409,0.063418279
1314,55.818406,0.063518771
1315,55.43122,0.063076609
1316,55.43122,0.063076609
1317,55.800807,0.063498673
1318,55.818406,0.063518771
1319,55.41362,0.06305651
1320,55.360822,0.062996216
1321,55.41362,0.06305651
1322,55.71281,0.063398181
1323,55.783207,0.063478574
1324,55.43122,0.063076609
1325,55.43122,0.063076609
1326,55.43122,0.063076609
1327,55.800807,0.063498673
1328,55.378421,0.063016314
1329,55.484018,0.063136904
1330,55.41362,0.06305651
1331,55.677611,0.063357985
1332,55.765608,0.063458476
1333,55.378421,0.063016314
1334,55.396021,0.063036413
1335,55.765608,0.063458476
1336,55.765608,0.063458476
1337,55.71281,0.063398181
1338,55.360822,0.062996216
1339,55.730409,0.063418279
1340,55.765608,0.063458476
1341,55.71281,0.063398181
1342,55.360822,0.062996216
1343,55.765608,0.063458476
1344,55.325623,0.062956019
1345,55.748009,0.063438378
1346,55.660012,0.063337887
1347,55.325623,0.062956019
1348,55.71281,0.063398181
1349,55.660012,0.063337887
1350,55.642412,0.063317788
1351,55.642412,0.063317788
1352,55.308024,0.062935921
1353,55.71281,0.063398181
1354,55.69521,0.063378082
1355,55.290424,0.062915822
1356,55.308024,0.062935921
1357,55.624813,0.06329769
1358,55.290424,0.062915822
1359,55.589614,0.063257493
1360,55.290424,0.062915822
1361,55.572015,0.063237395
1362,55.237626,0.062855528
1363,55.642412,0.063317788
1364,55.554415,0.063217296
1365,55.237626,0.062855528
1366,55.220027,0.06283543
1367,55.607213,0.063277591
1368,55.220027,0.06283543
1369,55.272825,0.062895724
1370,55.220027,0.06283543
1371,55.748009,0.063438378
1372,55.220027,0.06283543
1373,55.554415,0.063217296
1374,55.202427,0.062815331
1375,55.184828,0.062795233
1376,55.167229,0.062775135
1377,55.13203,0.062734939
1378,55.554415,0.063217296
1379,55.448819,0.063096707
1380,55.167229,0.062775135
1381,55.484018,0.063136904
1382,55.484018,0.063136904
1383,55.13203,0.062734939
1384,55.642412,0.063317788
1385,55.13203,0.062734939
1386,55.079232,0.062674644
1387,55.501617,0.063157002
1388,55.41362,0.06305651
1389,55.061632,0.062654545
1390,55.096831,0.062694742
1391,55.079232,0.062674644
1392,55.079232,0.062674644
1393,55.079232,0.062674644
1394,55.061632,0.062654545
1395,55.044033,0.062634447
1396,55.360822,0.062996216
1397,55.308024,0.062935921
1398,55.360822,0.062996216
1399,55.378421,0.063016314
1400,55.325623,0.062956019
1401,54.991235,0.062574153
1402,54.973635,0.062554054
1403,54.973635,0.062554054
1404,54.973635,0.062554054
1405,54.991235,0.062574153
1406,54.973635,0.062554054
1407,54.973635,0.062554054
1408,54.920837,0.062493759
1409,54.938437,0.062513858
1410,54.920837,0.062493759
1411,54.885638,0.062453562
1412,55.290424,0.062915822
1413,55.202427,0.062815331
1414,55.220027,0.06283543
1415,55.290424,0.062915822
1416,55.220027,0.06283543
1417,55.167229,0.062775135
1418,54.868039,0.062433465
1419,54.83284,0.062393268
1420,54.85044,0.062413367
1421,54.815241,0.06237317
1422,55.220027,0.06283543
1423,55.008834,0.06259425
1424,55.149629,0.062755036
1425,55.13203,0.062734939
1426,54.780042,0.062332973
1427,54.780042,0.062332973
1428,54.762443,0.062312875
1429,54.762443,0.062312875
1430,54.991235,0.062574153
1431,54.762443,0.062312875
1432,55.061632,0.062654545
1433,54.744843,0.062292776
1434,54.744843,0.062292776
1435,55.061632,0.062654545
1436,54.727244,0.062272679
1437,55.061632,0.062654545
1438,55.008834,0.06259425
1439,54.991235,0.062574153
1440,54.674446,0.062212384
1441,54.656846,0.062192285
1442,55.167229,0.062775135
1443,54.674446,0.062212384
1444,55.008834,0.06259425
1445,54.956036,0.062533956
1446,54.604048,0.062131991
1447,54.991235,0.062574153
1448,54.903238,0.062473661
1449,54.903238,0.062473661
1450,54.885638,0.062453562
1451,54.56885,0.062091795
1452,54.55125,0.062071696
1453,54.55125,0.062071696
1454,54.533651,0.062051598
1455,54.533651,0.062051598
1456,54.797642,0.062353072
1457,54.516051,0.062031499
1458,54.85044,0.062413367
1459,54.480853,0.061991304
1460,54.868039,0.062433465
1461,54.797642,0.062353072
1462,54.498452,0.062011402
1463,54.709645,0.062252581
1464,54.463253,0.061971205
1465,54.815241,0.06237317
1466,54.410455,0.06191091
1467,54.762443,0.062312875
1468,54.410455,0.06191091
1469,54.621648,0.06215209
1470,54.727244,0.062272679
1471,54.709645,0.062252581
1472,54.375256,0.061870714
1473,54.340057,0.061830517
1474,54.322458,0.061810419
1475,54.340057,0.061830517
1476,54.727244,0.062272679
1477,54.709645,0.062252581
1478,54.26966,0.061750124
1479,54.656846,0.062192285
1480,54.304859,0.061790321
1481,54.304859,0.061790321
1482,54.26966,0.061750124
1483,54.287259,0.061770222
1484,54.252061,0.061730027
1485,54.533651,0.062051598
1486,54.26966,0.061750124
1487,54.234461,0.061709928
1488,54.604048,0.062131991
1489,54.234461,0.061709928
1490,54.586449,0.062111893
1491,54.692045,0.062232482
1492,54.181663,0.061649633
1493,54.516051,0.062031499
1494,54.181663,0.061649633
1495,54.498452,0.062011402
1496,54.181663,0.061649633
1497,54.26966,0.061750124
1498,54.533651,0.062051598
1499,54.128865,0.061589339
1500,54.146464,0.061609436
1501,54.410455,0.06191091
1502,54.111265,0.06156924
1503,54.463253,0.061971205
1504,54.480853,0.061991304
1505,54.498452,0.062011402
1506,54.058467,0.061508945
1507,54.076067,0.061529044
1508,54.058467,0.061508945
1509,54.023269,0.06146875
1510,54.058467,0.061508945
1511,53.98807,0.061428553
1512,54.040868,0.061488847
1513,54.023269,0.06146875
1514,54.357657,0.061850616
1515,54.392856,0.061890812
1516,54.005669,0.061448651
1517,53.97047,0.061408454
1518,53.98807,0.061428553
1519,54.252061,0.061730027
1520,53.97047,0.061408454
1521,54.322458,0.061810419
1522,54.304859,0.061790321
1523,54.234461,0.061709928
1524,54.199262,0.061669731
1525,53.935272,0.061368258
1526,53.917672,0.061348159
1527,53.882473,0.061307963
1528,54.234461,0.061709928
1529,54.234461,0.061709928
1530,54.252061,0.061730027
1531,54.164064,0.061629535
1532,54.181663,0.061649633
1533,54.181663,0.061649633
1534,54.199262,0.061669731
1535,54.216862,0.06168983
1536,53.847275,0.061267767
1537,54.181663,0.061649633
1538,54.146464,0.061609436
1539,54.181663,0.061649633
1540,53.847275,0.061267767
1541,54.181663,0.061649633
1542,53.794477,0.061207473
1543,54.093666,0.061549142
1544,53.776877,0.061187374
1545,53.776877,0.061187374
1546,53.759278,0.061167276
1547,53.776877,0.061187374
1548,53.759278,0.061167276
1549,54.111265,0.06156924
1550,53.724079,0.061127079
1551,53.741678,0.061147177
1552,54.164064,0.061629535
1553,53.70648,0.061106981
1554,54.111265,0.06156924
1555,53.724079,0.061127079
1556,54.076067,0.061529044
1557,53.724079,0.061127079
1558,53.70648,0.061106981
1559,53.724079,0.061127079
1560,53.68888,0.061086883
1561,53.70648,0.061106981
1562,53.98807,0.061428553
1563,53.653681,0.061046686
1564,53.98807,0.061428553
1565,53.653681,0.061046686
1566,53.671281,0.061066785
1567,53.671281,0.061066785
1568,53.653681,0.061046686
1569,53.98807,0.061428553
1570,53.97047,0.061408454
1571,53.952871,0.061388356
1572,54.040868,0.061488847
1573,53.618483,0.06100649
1574,53.900073,0.061328062
1575,53.935272,0.061368258
1576,53.600883,0.060986391
1577,53.952871,0.061388356
1578,53.618483,0.06100649
1579,53.583284,0.060966294
1580,53.636082,0.061026588
1581,53.97047,0.061408454
1582,53.776877,0.061187374
1583,53.583284,0.060966294
1584,53.548085,0.060926097
1585,53.952871,0.061388356
1586,53.952871,0.061388356
1587,53.97047,0.061408454
1588,53.952871,0.061388356
1589,53.864874,0.061287865
1590,53.952871,0.061388356
1591,53.565685,0.060946196
1592,53.565685,0.060946196
1593,53.794477,0.061207473
1594,53.900073,0.061328062
1595,53.530486,0.060905999
1596,54.076067,0.061529044
1597,53.548085,0.060926097
1598,53.565685,0.060946196
1599,53.882473,0.061307963
1600,53.882473,0.061307963
1601,53.530486,0.060905999
1602,53.829675,0.061247668
1603,53.812076,0.06122757
1604,53.847275,0.061267767
1605,53.512886,0.0608859
1606,53.864874,0.061287865
1607,53.530486,0.060905999
1608,53.847275,0.061267767
1609,53.776877,0.061187374
1610,53.530486,0.060905999
1611,53.495287,0.060865802
1612,53.882473,0.061307963
1613,53.495287,0.060865802
1614,53.829675,0.061247668
1615,53.495287,0.060865802
1616,53.864874,0.061287865
1617,53.512886,0.0608859
1618,53.460088,0.060825606
1619,53.847275,0.061267767
1620,53.477688,0.060845705
1621,53.495287,0.060865802
1622,53.794477,0.061207473
1623,53.512886,0.0608859
1624,53.812076,0.06122757
1625,53.829675,0.061247668
1626,53.829675,0.061247668
1627,53.495287,0.060865802
1628,53.812076,0.06122757
1629,53.495287,0.060865802
1630,53.495287,0.060865802
1631,53.477688,0.060845705
1632,53.477688,0.060845705
1633,53.829675,0.061247668
1634,53.829675,0.061247668
1635,53.477688,0.060845705
1636,53.495287,0.060865802
1637,53.495287,0.060865802
1638,53.847275,0.061267767
1639,53.477688,0.060845705
1640,53.812076,0.06122757
1641,53.530486,0.060905999
1642,53.495287,0.060865802
1643,53.864874,0.061287865
1644,53.829675,0.061247668
1645,53.495287,0.060865802
1646,53.900073,0.061328062
1647,53.512886,0.0608859
1648,53.460088,0.060825606
1649,53.882473,0.061307963
1650,53.829675,0.061247668
1651,53.530486,0.060905999
1652,53.495287,0.060865802
1653,53.512886,0.0608859
1654,53.495287,0.060865802
1655,53.495287,0.060865802
1656,53.882473,0.061307963
1657,53.512886,0.0608859
1658,53.900073,0.061328062
1659,53.548085,0.060926097
1660,53.530486,0.060905999
1661,53.530486,0.060905999
1662,53.530486,0.060905999
1663,53.847275,0.061267767
1664,53.917672,0.061348159
1665,53.565685,0.060946196
1666,53.917672,0.061348159
1667,53.530486,0.060905999
1668,53.917672,0.061348159
1669,53.917672,0.061348159
1670,53.565685,0.060946196
1671,53.900073,0.061328062
1672,53.935272,0.061368258
1673,53.548085,0.060926097
1674,53.935272,0.061368258
1675,53.864874,0.061287865
1676,53.583284,0.060966294
1677,53.583284,0.060966294
1678,53.548085,0.060926097
1679,53.829675,0.061247668
1680,53.864874,0.061287865
1681,53.600883,0.060986391
1682,53.583284,0.060966294
1683,53.618483,0.06100649
1684,53.97047,0.061408454
1685,53.900073,0.061328062
1686,53.97047,0.061408454
1687,53.618483,0.06100649
1688,53.935272,0.061368258
1689,53.600883,0.060986391
1690,53.636082,0.061026588
1691,53.600883,0.060986391
1692,54.005669,0.061448651
1693,53.636082,0.061026588
1694,53.671281,0.061066785
1695,53.583284,0.060966294
1696,53.636082,0.061026588
1697,53.636082,0.061026588
1698,53.671281,0.061066785
1699,53.847275,0.061267767
1700,53.98807,0.061428553
1701,53.671281,0.061066785
1702,54.005669,0.061448651
1703,53.900073,0.061328062
1704,54.005669,0.061448651
1705,54.023269,0.06146875
1706,53.70648,0.061106981
1707,53.70648,0.061106981
1708,53.68888,0.061086883
1709,54.040868,0.061488847
1710,54.076067,0.061529044
1711,54.058467,0.061508945
1712,53.847275,0.061267767
1713,54.023269,0.06146875
1714,53.724079,0.061127079
1715,53.759278,0.061167276
1716,54.076067,0.061529044
1717,54.111265,0.06156924
1718,54.146464,0.061609436
1719,54.128865,0.061589339
1720,54.076067,0.061529044
1721,53.776877,0.061187374
1722,54.128865,0.061589339
1723,53.812076,0.06122757
1724,53.776877,0.061187374
1725,54.111265,0.06156924
1726,54.128865,0.061589339
1727,53.794477,0.061207473
1728,54.093666,0.061549142
1729,54.164064,0.061629535
1730,53.812076,0.06122757
1731,54.216862,0.06168983
1732,54.181663,0.061649633
1733,54.146464,0.061609436
1734,53.882473,0.061307963
1735,53.882473,0.061307963
1736,53.864874,0.061287865
1737,54.181663,0.061649633
1738,53.882473,0.061307963
1739,53.882473,0.061307963
1740,54.216862,0.06168983
1741,54.304859,0.061790321
1742,53.900073,0.061328062
1743,53.917672,0.061348159
1744,53.935272,0.061368258
1745,53.917672,0.061348159
1746,53.935272,0.061368258
1747,54.26966,0.061750124
1748,54.287259,0.061770222
1749,53.97047,0.061408454
1750,54.340057,0.061830517
1751,54.357657,0.061850616
1752,53.952871,0.061388356
1753,53.97047,0.061408454
1754,54.181663,0.061649633
1755,54.340057,0.061830517
1756,54.340057,0.061830517
1757,53.97047,0.061408454
1758,54.023269,0.06146875
1759,54.023269,0.06146875
1760,54.410455,0.06191091
1761,54.375256,0.061870714
1762,54.375256,0.061870714
1763,54.023269,0.06146875
1764,54.56885,0.062091795
1765,54.040868,0.061488847
1766,54.058467,0.061508945
1767,54.076067,0.061529044
1768,54.392856,0.061890812
1769,54.093666,0.061549142
1770,54.058467,0.061508945
1771,54.428054,0.061931008
1772,54.111265,0.06156924
1773,54.093666,0.061549142
1774,54.656846,0.062192285
1775,54.111265,0.06156924
1776,54.128865,0.061589339
1777,54.146464,0.061609436
1778,54.146464,0.061609436
1779,54.128865,0.061589339
1780,54.146464,0.061609436
1781,54.128865,0.061589339
1782,54.516051,0.062031499
1783,54.480853,0.061991304
1784,54.164064,0.061629535
1785,54.181663,0.061649633
1786,54.55125,0.062071696
1787,54.199262,0.061669731
1788,54.56885,0.062091795
1789,54.234461,0.061709928
1790,54.181663,0.061649633
1791,54.199262,0.061669731
1792,54.234461,0.061709928
1793,54.621648,0.06215209
1794,54.586449,0.062111893
1795,54.252061,0.061730027
1796,54.639247,0.062172187
1797,54.26966,0.061750124
1798,54.287259,0.061770222
1799,54.586449,0.062111893
1800,54.56885,0.062091795
1801,54.639247,0.062172187
1802,54.287259,0.061770222
1803,54.287259,0.061770222
1804,54.304859,0.061790321
1805,54.304859,0.061790321
1806,54.340057,0.061830517
1807,54.692045,0.062232482
1808,54.762443,0.062312875
1809,54.304859,0.061790321
1810,54.604048,0.062131991
1811,54.340057,0.061830517
1812,54.340057,0.061830517
1813,54.674446,0.062212384
1814,54.357657,0.061850616
1815,54.357657,0.061850616
1816,54.656846,0.062192285
1817,54.709645,0.062252581
1818,54.357657,0.061850616
1819,54.692045,0.062232482
1820,54.762443,0.062312875
1821,54.410455,0.06191091
1822,54.762443,0.062312875
1823,54.410455,0.06191091
1824,54.410455,0.06191091
1825,54.780042,0.062332973
1826,54.762443,0.062312875
1827,54.727244,0.062272679
1828,54.410455,0.06191091
1829,54.780042,0.062332973
1830,54.762443,0.062312875
1831,54.480853,0.061991304
1832,54.445654,0.061951107
1833,54.727244,0.062272679
1834,54.797642,0.062353072
1835,54.480853,0.061991304
1836,54.463253,0.061971205
1837,54.885638,0.062453562
1838,54.498452,0.062011402
1839,54.428054,0.061931008
1840,54.463253,0.061971205
1841,54.85044,0.062413367
1842,54.83284,0.062393268
1843,54.480853,0.061991304
1844,54.498452,0.062011402
1845,54.83284,0.062393268
1846,54.991235,0.062574153
1847,54.868039,0.062433465
1848,54.956036,0.062533956
1849,54.516051,0.062031499
1850,54.780042,0.062332973
1851,54.815241,0.06237317
1852,54.533651,0.062051598
1853,54.868039,0.062433465
1854,54.920837,0.062493759
1855,54.885638,0.062453562
1856,54.516051,0.062031499
1857,55.061632,0.062654545
1858,54.586449,0.062111893
1859,54.868039,0.062433465
1860,54.55125,0.062071696
1861,54.56885,0.062091795
1862,54.56885,0.062091795
1863,54.55125,0.062071696
1864,54.533651,0.062051598
1865,54.938437,0.062513858
1866,54.533651,0.062051598
1867,54.938437,0.062513858
1868,54.868039,0.062433465
1869,54.604048,0.062131991
1870,54.973635,0.062554054
1871,54.586449,0.062111893
1872,54.56885,0.062091795
1873,54.903238,0.062473661
1874,54.956036,0.062533956
1875,54.586449,0.062111893
1876,54.903238,0.062473661
1877,54.56885,0.062091795
1878,54.885638,0.062453562
1879,54.920837,0.062493759
1880,54.903238,0.062473661
1881,54.604048,0.062131991
1882,54.604048,0.062131991
1883,54.991235,0.062574153
1884,54.604048,0.062131991
1885,54.56885,0.062091795
1886,54.868039,0.062433465
1887,54.903238,0.062473661
1888,54.991235,0.062574153
1889,54.621648,0.06215209
1890,54.586449,0.062111893
1891,54.920837,0.062493759
1892,54.604048,0.062131991
1893,54.621648,0.06215209
1894,54.604048,0.062131991
1895,54.56885,0.062091795
1896,54.586449,0.062111893
1897,54.586449,0.062111893
1898,54.604048,0.062131991
1899,54.621648,0.06215209
1900,54.604048,0.062131991
1901,54.956036,0.062533956
1902,54.604048,0.062131991
1903,54.604048,0.062131991
1904,54.604048,0.062131991
1905,54.621648,0.06215209
1906,54.885638,0.062453562
1907,54.938437,0.062513858
1908,54.973635,0.062554054
1909,54.639247,0.062172187
1910,54.604048,0.062131991
1911,54.604048,0.062131991
1912,54.621648,0.06215209
1913,54.604048,0.062131991
1914,54.621648,0.06215209
1915,54.56885,0.062091795
1916,54.920837,0.062493759
1917,54.586449,0.062111893
1918,54.586449,0.062111893
1919,54.55125,0.062071696
1920,54.903238,0.062473661
1921,54.586449,0.062111893
1922,54.56885,0.062091795
1923,54.938437,0.062513858
1924,54.604048,0.062131991
1925,54.920837,0.062493759
1926,54.586449,0.062111893
1927,54.868039,0.062433465
1928,54.586449,0.062111893
1929,54.586449,0.062111893
1930,54.586449,0.062111893
1931,54.604048,0.062131991
1932,54.780042,0.062332973
1933,54.938437,0.062513858
1934,54.586449,0.062111893
1935,54.55125,0.062071696
1936,54.586449,0.062111893
1937,54.85044,0.062413367
1938,54.56885,0.062091795
1939,54.56885,0.062091795
1940,54.903238,0.062473661
1941,54.55125,0.062071696
1942,54.85044,0.062413367
1943,54.780042,0.062332973
1944,54.516051,0.062031499
1945,54.956036,0.062533956
1946,54.533651,0.062051598
1947,54.516051,0.062031499
1948,54.85044,0.062413367
1949,54.868039,0.062433465
1950,54.516051,0.062031499
1951,54.938437,0.062513858
1952,54.516051,0.062031499
1953,54.903238,0.062473661
1954,54.533651,0.062051598
1955,54.533651,0.062051598
1956,54.815241,0.06237317
1957,54.480853,0.061991304
1958,54.85044,0.062413367
1959,54.498452,0.062011402
1960,54.445654,0.061951107
1961,54.445654,0.061951107
1962,54.480853,0.061991304
1963,54.727244,0.062272679
1964,54.797642,0.062353072
1965,54.744843,0.062292776
1966,54.480853,0.061991304
1967,54.744843,0.062292776
1968,54.762443,0.062312875
1969,54.797642,0.062353072
1970,54.780042,0.062332973
1971,54.445654,0.061951107
1972,54.428054,0.061931008
1973,54.392856,0.061890812
1974,54.410455,0.06191091
1975,54.392856,0.061890812
1976,54.375256,0.061870714
1977,54.410455,0.06191091
1978,54.357657,0.061850616
1979,54.375256,0.061870714
1980,54.727244,0.062272679
1981,54.357657,0.061850616
1982,54.340057,0.061830517
1983,54.340057,0.061830517
1984,54.357657,0.061850616
1985,54.656846,0.062192285
1986,54.357657,0.061850616
1987,54.357657,0.061850616
1988,54.304859,0.061790321
1989,54.322458,0.061810419
1990,54.304859,0.061790321
1991,54.304859,0.061790321
1992,54.674446,0.062212384
1993,54.639247,0.062172187
1994,54.639247,0.062172187
1995,54.26966,0.061750124
1996,54.674446,0.062212384
1997,54.656846,0.062192285
1998,54.533651,0.062051598
1999,54.621648,0.06215209
2000,54.252061,0.061730027
2001,54.797642,0.062353072
2002,54.234461,0.061709928
2003,54.234461,0.061709928
2004,54.56885,0.062091795
2005,54.252061,0.061730027
2006,54.234461,0.061709928
2007,54.234461,0.061709928
2008,54.498452,0.062011402
2009,54.533651,0.062051598
2010,54.181663,0.061649633
2011,54.181663,0.061649633
2012,54.181663,0.061649633
2013,54.164064,0.061629535
2014,54.199262,0.061669731
2015,54.146464,0.061609436
2016,54.410455,0.06191091
2017,54.498452,0.062011402
2018,54.111265,0.06156924
2019,54.498452,0.062011402
2020,54.375256,0.061870714
2021,54.480853,0.061991304
2022,54.128865,0.061589339
2023,54.445654,0.061951107
2024,54.076067,0.061529044
2025,54.357657,0.061850616
2026,54.040868,0.061488847
2027,54.058467,0.061508945
2028,54.392856,0.061890812
2029,54.410455,0.06191091
2030,54.005669,0.061448651
2031,54.040868,0.061488847
2032,54.340057,0.061830517
2033,54.340057,0.061830517
2034,54.005669,0.061448651
2035,54.199262,0.061669731
2036,54.375256,0.061870714
2037,53.98807,0.061428553
2038,53.97047,0.061408454
2039,54.199262,0.061669731
2040,54.340057,0.061830517
2041,53.97047,0.061408454
2042,53.952871,0.061388356
2043,53.917672,0.061348159
2044,54.26966,0.061750124
2045,54.26966,0.061750124
2046,53.917672,0.061348159
2047,54.252061,0.061730027
2048,53.900073,0.061328062
2049,54.252061,0.061730027
2050,53.882473,0.061307963
2051,53.882473,0.061307963
2052,53.864874,0.061287865
2053,53.829675,0.061247668
2054,53.847275,0.061267767
2055,53.829675,0.061247668
2056,53.812076,0.06122757
2057,54.234461,0.061709928
2058,54.146464,0.061609436
2059,53.829675,0.061247668
2060,53.812076,0.06122757
2061,54.093666,0.061549142
2062,53.794477,0.061207473
2063,53.759278,0.061167276
2064,53.724079,0.061127079
2065,54.093666,0.061549142
2066,54.111265,0.06156924
2067,53.776877,0.061187374
2068,53.70648,0.061106981
2069,54.058467,0.061508945
2070,53.68888,0.061086883
2071,53.724079,0.061127079
2072,54.040868,0.061488847
2073,54.093666,0.061549142
2074,53.724079,0.061127079
2075,54.076067,0.061529044
2076,53.653681,0.061046686
2077,53.671281,0.061066785
2078,54.005669,0.061448651
2079,53.935272,0.061368258
2080,53.98807,0.061428553
2081,53.97047,0.061408454
2082,53.653681,0.061046686
2083,53.600883,0.060986391
2084,53.583284,0.060966294
2085,53.917672,0.061348159
2086,53.600883,0.060986391
2087,53.97047,0.061408454
2088,53.548085,0.060926097
2089,53.565685,0.060946196
2090,53.864874,0.061287865
2091,53.70648,0.061106981
2092,53.882473,0.061307963
2093,53.548085,0.060926097
2094,53.847275,0.061267767
2095,53.548085,0.060926097
2096,53.864874,0.061287865
2097,53.847275,0.061267767
2098,53.477688,0.060845705
2099,53.495287,0.060865802
2100,53.759278,0.061167276
2101,53.776877,0.061187374
2102,53.829675,0.061247668
2103,53.776877,0.061187374
2104,53.864874,0.061287865
2105,53.424889,0.060785409
2106,53.442489,0.060805508
2107,53.424889,0.060785409
2108,53.40729,0.060765311
2109,53.424889,0.060785409
2110,53.40729,0.060765311
2111,53.776877,0.061187374
2112,53.372091,0.060725115
2113,53.372091,0.060725115
2114,53.70648,0.061106981
2115,53.653681,0.061046686
2116,53.372091,0.060725115
2117,53.724079,0.061127079
2118,53.671281,0.061066785
2119,53.354492,0.060705017
2120,53.319293,0.06066482
2121,53.354492,0.060705017
2122,53.354492,0.060705017
2123,53.600883,0.060986391
2124,53.301694,0.060644722
2125,53.319293,0.06066482
2126,53.618483,0.06100649
2127,53.618483,0.06100649
2128,53.284094,0.060624623
2129,53.724079,0.061127079
2130,53.583284,0.060966294
2131,53.636082,0.061026588
2132,53.266495,0.060604526
2133,53.266495,0.060604526
2134,53.231296,0.060564329
2135,53.213697,0.060544231
2136,53.248896,0.060584428
2137,53.178498,0.060504034
2138,53.565685,0.060946196
2139,53.213697,0.060544231
2140,53.213697,0.060544231
2141,53.583284,0.060966294
2142,53.530486,0.060905999
2143,53.196097,0.060524132
2144,53.565685,0.060946196
2145,53.196097,0.060524132
2146,53.178498,0.060504034
2147,53.143299,0.060463838
2148,53.178498,0.060504034
2149,53.583284,0.060966294
2150,53.143299,0.060463838
2151,53.512886,0.0608859
2152,53.512886,0.0608859
2153,53.548085,0.060926097
2154,53.618483,0.06100649
2155,53.495287,0.060865802
2156,53.442489,0.060805508
2157,53.143299,0.060463838
2158,53.160899,0.060483937
2159,53.143299,0.060463838
2160,53.424889,0.060785409
2161,53.442489,0.060805508
2162,53.090501,0.060403543
2163,53.1257,0.06044374
2164,53.108101,0.060423642
2165,53.372091,0.060725115
2166,53.460088,0.060825606
2167,53.090501,0.060403543
2168,53.442489,0.060805508
2169,53.055302,0.060363347
2170,53.055302,0.060363347
2171,53.072902,0.060383446
2172,53.336893,0.060684919
2173,53.40729,0.060765311
2174,53.424889,0.060785409
2175,53.055302,0.060363347
2176,53.020104,0.060323151
2177,53.424889,0.060785409
2178,53.372091,0.060725115
2179,53.020104,0.060323151
2180,53.020104,0.060323151
2181,53.020104,0.060323151
2182,53.40729,0.060765311
2183,53.319293,0.06066482
2184,53.020104,0.060323151
2185,53.002504,0.060303052
2186,53.002504,0.060303052
2187,53.020104,0.060323151
2188,53.002504,0.060303052
2189,53.002504,0.060303052
2190,53.530486,0.060905999
2191,53.002504,0.060303052
2192,53.301694,0.060644722
2193,52.984905,0.060282954
2194,53.002504,0.060303052
2195,52.949706,0.060242758
2196,52.984905,0.060282954
2197,53.319293,0.06066482
2198,53.319293,0.06066482
2199,53.336893,0.060684919
2200,53.002504,0.060303052
2201,53.336893,0.060684919
2202,52.949706,0.060242758
2203,53.002504,0.060303052
2204,53.40729,0.060765311
2205,53.354492,0.060705017
2206,53.002504,0.060303052
2207,53.284094,0.060624623
2208,53.284094,0.060624623
2209,53.354492,0.060705017
2210,52.984905,0.060282954
2211,52.967305,0.060262855
2212,52.967305,0.060262855
2213,52.967305,0.060262855
2214,53.372091,0.060725115
2215,53.301694,0.060644722
2216,53.354492,0.060705017
2217,53.336893,0.060684919
2218,52.967305,0.060262855
2219,52.932107,0.06022266
2220,52.984905,0.060282954
2221,53.284094,0.060624623
2222,52.949706,0.060242758
2223,53.266495,0.060604526
2224,52.967305,0.060262855
2225,53.020104,0.060323151
2226,53.319293,0.06066482
2227,53.336893,0.060684919
2228,52.967305,0.060262855
2229,52.967305,0.060262855
2230,53.319293,0.06066482
2231,52.984905,0.060282954
2232,53.090501,0.060403543
2233,52.984905,0.060282954
2234,52.984905,0.060282954
2235,53.354492,0.060705017
2236,52.984905,0.060282954
2237,53.002504,0.060303052
2238,53.336893,0.060684919
2239,52.984905,0.060282954
2240,52.984905,0.060282954
2241,53.002504,0.060303052
2242,52.967305,0.060262855
2243,53.512886,0.0608859
2244,53.354492,0.060705017
2245,53.336893,0.060684919
2246,52.984905,0.060282954
2247,53.020104,0.060323151
2248,53.002504,0.060303052
2249,53.020104,0.060323151
2250,52.984905,0.060282954
2251,53.037703,0.060343249
2252,53.372091,0.060725115
2253,53.020104,0.060323151
2254,53.1257,0.06044374
2255,53.354492,0.060705017
2256,53.565685,0.060946196
2257,53.037703,0.060343249
2258,53.336893,0.060684919
2259,53.389691,0.060745213
2260,53.372091,0.060725115
2261,53.372091,0.060725115
2262,53.583284,0.060966294
2263,53.354492,0.060705017
2264,53.055302,0.060363347
2265,53.055302,0.060363347
2266,53.055302,0.060363347
2267,53.40729,0.060765311
2268,53.40729,0.060765311
2269,53.389691,0.060745213
2270,53.090501,0.060403543
2271,53.40729,0.060765311
2272,53.460088,0.060825606
2273,53.40729,0.060765311
2274,53.40729,0.060765311
2275,53.090501,0.060403543
2276,53.108101,0.060423642
2277,53.495287,0.060865802
2278,53.424889,0.060785409
2279,53.477688,0.060845705
2280,53.108101,0.060423642
2281,53.442489,0.060805508
2282,53.653681,0.061046686
2283,53.460088,0.060825606
2284,53.460088,0.060825606
2285,53.143299,0.060463838
2286,53.143299,0.060463838
2287,53.160899,0.060483937
2288,53.196097,0.060524132
2289,53.160899,0.060483937
2290,53.160899,0.060483937
2291,53.477688,0.060845705
2292,53.512886,0.0608859
2293,53.530486,0.060905999
2294,53.512886,0.0608859
2295,53.196097,0.060524132
2296,53.213697,0.060544231
2297,53.583284,0.060966294
2298,53.231296,0.060564329
2299,53.600883,0.060986391
2300,53.248896,0.060584428
2301,53.231296,0.060564329
2302,53.583284,0.060966294
2303,53.636082,0.061026588
2304,53.600883,0.060986391
2305,53.266495,0.060604526
2306,53.248896,0.060584428
2307,53.284094,0.060624623
2308,53.284094,0.060624623
2309,53.284094,0.060624623
2310,53.671281,0.061066785
2311,53.68888,0.061086883
2312,53.301694,0.060644722
2313,53.68888,0.061086883
2314,53.354492,0.060705017
2315,53.301694,0.060644722
2316,53.671281,0.061066785
2317,53.724079,0.061127079
2318,53.354492,0.060705017
2319,53.319293,0.06066482
2320,53.336893,0.060684919
2321,53.724079,0.061127079
2322,53.759278,0.061167276
2323,53.424889,0.060785409
2324,53.424889,0.060785409
2325,53.389691,0.060745213
2326,53.759278,0.061167276
2327,53.424889,0.060785409
2328,53.424889,0.060785409
2329,53.829675,0.061247668
2330,53.424889,0.060785409
2331,53.424889,0.060785409
2332,53.442489,0.060805508
2333,53.794477,0.061207473
2334,53.477688,0.060845705
2335,53.794477,0.061207473
2336,53.882473,0.061307963
2337,53.829675,0.061247668
2338,53.512886,0.0608859
2339,53.495287,0.060865802
2340,53.917672,0.061348159
2341,53.530486,0.060905999
2342,53.495287,0.060865802
2343,53.530486,0.060905999
2344,53.847275,0.061267767
2345,53.864874,0.061287865
2346,53.98807,0.061428553
2347,53.565685,0.060946196
2348,53.829675,0.061247668
2349,53.565685,0.060946196
2350,53.917672,0.061348159
2351,53.776877,0.061187374
2352,53.600883,0.060986391
2353,53.98807,0.061428553
2354,53.636082,0.061026588
2355,53.583284,0.060966294
2356,53.97047,0.061408454
2357,53.618483,0.06100649
2358,53.97047,0.061408454
2359,53.952871,0.061388356
2360,53.653681,0.061046686
2361,54.005669,0.061448651
2362,53.671281,0.061066785
2363,53.68888,0.061086883
2364,54.093666,0.061549142
2365,53.98807,0.061428553
2366,54.040868,0.061488847
2367,53.724079,0.061127079
2368,53.70648,0.061106981
2369,54.146464,0.061609436
2370,54.005669,0.061448651
2371,54.181663,0.061649633
2372,53.741678,0.061147177
2373,54.128865,0.061589339
2374,53.776877,0.061187374
2375,53.759278,0.061167276
2376,53.741678,0.061147177
2377,54.181663,0.061649633
2378,53.812076,0.06122757
2379,54.164064,0.061629535
2380,54.199262,0.061669731
2381,53.829675,0.061247668
2382,53.847275,0.061267767
2383,54.199262,0.061669731
2384,54.234461,0.061709928
2385,53.847275,0.061267767
2386,53.864874,0.061287865
2387,54.216862,0.06168983
2388,54.199262,0.061669731
2389,53.864874,0.061287865
2390,53.847275,0.061267767
2391,54.199262,0.061669731
2392,53.900073,0.061328062
2393,53.917672,0.061348159
2394,53.900073,0.061328062
2395,54.287259,0.061770222
2396,53.952871,0.061388356
2397,53.917672,0.061348159
2398,53.935272,0.061368258
2399,53.97047,0.061408454
 ,,
